name,address1,address2,address3,borough_name,website,os_addressbase_uprn,borough_code,ward_2018_name,ward_2018_code,longitude,latitude,easting,northing,runtime
Wembley Library,Brent Civic Centre Engineers Way,,,,,,,,,-0.28145091034719716,51.558913203309395,519229.8115887138,185846.76843330555,05/16/2021
Kilburn,Salusbury Road,,,Brent,,202046410,E09000005,Queens Park,E05000098,-0.20537632933328115,51.535114827059026,524567.9662526551,183326.92311962735,05/16/2021
Bradmore Green,Bradmore Way,Coulsdon,,Croydon,,200001206439,E09000008,Old Coulsdon,E05011474,-0.1239772175451508,51.30756461822491,530860.9645413605,158164.92995614704,05/16/2021
Biggin Hill Memorial Library and Pool,Church Road,Biggin Hill,,Bromley,,10070007971,E09000006,Biggin Hill,E05000107,0.03472945162582381,51.31223601174208,541907.9615396087,158978.9297364323,05/16/2021
Coulsdon,Brighton Road,Coulsdon,,Croydon,,100023534265,E09000008,Coulsdon Town,E05011466,-0.1386686585240973,51.32000217846126,529801.9648335783,159521.92959059807,05/16/2021
Purley,Banstead Road,Purley,,Croydon,,200001215992,E09000008,Purley & Woodcote,E05011476,-0.11866881358080918,51.33914397993314,531140.9644692251,161685.929001303,05/16/2021
Sanderstead,Farm Fields,South Croydon,,Croydon,,200001205396,E09000008,Sanderstead,E05011478,-0.0855333875454376,51.340819400614315,533443.96384029,161931.92893322825,05/16/2021
New Addington,Central Parade,Croydon,,Croydon,,100023534498,E09000008,New Addington South,E05011471,-0.016351061034715876,51.340927744343155,538261.9625296631,162071.92889801445,05/16/2021
Selsdon,Addington Road,South Croydon,,Croydon,,10014054952,E09000008,Selsdon Vale & Forestdale,E05011481,-0.06234788839540028,51.342461480457935,535053.9634036969,162156.92887238384,05/16/2021
Library @ the Phoenix Centre,Mollison Drive,Wallington,,Sutton,,5870113095,E09000029,Beddington South,E05000556,-0.1332588469893319,51.35321724607274,530084.9647557805,163224.92858171667,05/16/2021
Wallington Library,Shotfield,Wallington,,Sutton,,5870076858,E09000029,Wallington South,E05000570,-0.1507948795061701,51.357847606031704,528850.9650905905,163708.92845009896,05/16/2021
Cheam Library,Church Road,Cheam,,Sutton,,5870018019,E09000029,Cheam,E05000560,-0.21669173092116367,51.360101195676606,524256.96633666893,163845.92841352138,05/16/2021
Sutton Central Library,St Nicholas Way,Sutton,,Sutton,,5870113864,E09000029,Sutton Central,E05000564,-0.19515461370701015,51.36207338999041,525750.9659322376,164101.92834462988,05/16/2021
Hook and Chessington Library,Hook Road,Chessington,,Kingston upon Thames,,10091803267,E09000021,Chessington North and Hook,E05000404,-0.30603410474035586,51.36791922606943,518016.968033959,164567.92821594898,05/16/2021
Library @ Westcroft Centre,Westcroft Road,Carshalton,,Sutton,,5870122731,E09000029,Wallington North,E05000569,-0.15811688654644,51.36795395710612,528312.9652386562,164819.92815183848,05/16/2021
Croydon central library,Katharine Street,Croydon,,Croydon,,100022917682,E09000008,Fairfield,E05011468,-0.09951045254803667,51.371910542400165,532380.9641287995,165363.9280014406,05/16/2021
Worcester Park Library,Windsor Road,Worcester Park,,Sutton,,5870109125,E09000029,Nonsuch,E05000561,-0.24137124603141485,51.37805466953304,522490.9668195736,165800.92788285785,05/16/2021
Shirley,Wickham Road,Croydon,,Croydon,,100022908481,E09000008,Shirly South,E05011483,-0.045131974033874936,51.37517898317513,536155.9631051893,165826.92787814775,05/16/2021
West Wickham Library,Glebe Way,West Wickham,,Bromley,,100022897598,E09000006,West Wickham,E05000127,-0.013892795066769933,51.37585929263627,538327.9625117598,165960.92783982732,05/16/2021
Library @ The Life Centre,Alcorn Close,Sutton,,Sutton,,5870120544,E09000029,Stonecot,E05000563,-0.20182154055659474,51.37890231066054,525240.9660735055,165961.92784000194,05/16/2021
Tolworth Community Library,Tolworth Broadway,Tolworth,,Kingston upon Thames,,128002519,E09000021,Alexandra,E05000400,-0.28225447907246093,51.381080147010934,519637.96759513987,166069.92780973046,05/16/2021
Hayes Library,Hayes Street,Bromley,,Bromley,,100022891892,E09000006,Hayes and Coney Hall,E05000119,0.01808802999515706,51.37739052904857,540548.9619074931,166191.92777719192,05/16/2021
Orpington Library,The Walnuts,Orpington,,Bromley,,10070009943,E09000006,Orpington,E05000122,0.10117272370337595,51.37613703808181,546334.9603391006,166214.92777105176,05/16/2021
Old Malden Library,Church Road,Worcester Park,,Kingston upon Thames,,128004320,E09000021,Old Malden,E05000410,-0.25487741657742435,51.38376017554562,521535.9670773079,166412.92771742097,05/16/2021
Ashburton,Shirley Road,Croydon,,Croydon,,10014052814,E09000008,Addiscombe East,E05011462,-0.06311939464741091,51.383076776552286,534880.9634499047,166671.92764797847,05/16/2021
The Circle Library,Green Wrythe Lane,Carshalton,,Sutton,,5870120398,E09000029,Wandle Valley,E05000571,-0.17446849179503934,51.38558359428003,527125.9655590327,166751.92762424907,05/16/2021
Broad Green,Canterbury Road,Croydon,,Croydon,,10000104509,E09000008,Broad Green,E05011465,-0.11713306418836902,51.38537829481495,531115.9644717035,166829.9276038088,05/16/2021
Surbiton Library,Ewell Road,Surbiton,,Kingston upon Thames,,128006816,E09000021,Berrylands,E05000401,-0.2978862055774505,51.3928009895525,518519.96790136385,167347.92746048368,05/16/2021
Southborough Library,Southborough Lane,Bromley,,Bromley,,100022892170,E09000006,Bickley,E05000106,0.04340361734158605,51.38991041626294,542271.9614411067,167632.9273855487,05/16/2021
Petts Wood Library,Frankswood Avenue,Orpington,,Bromley,,100022897997,E09000006,Petts Wood and Knoll,E05000124,0.07093331523559007,51.390011788807456,544186.9609219648,167697.9273678796,05/16/2021
West Barnes Library,Station Road,New Malden,,Merton,,48085264,E09000024,West Barnes,E05000473,-0.23909139541863209,51.395160597323596,522603.96679006424,167706.92736526811,05/16/2021
New Malden Library,Kingston Road,New Malden,,Kingston upon Thames,,128010803,E09000021,Beverley,E05000402,-0.2607989871591059,51.39929772108322,521082.9672033523,168130.92725095566,05/16/2021
Thornton Heath,Brigstock Road,Thornton Heath,,Croydon,,200001206453,E09000008,Bensham Manor,E05011464,-0.10557611958420587,51.396900779739525,531886.9642645293,168131.927248606,05/16/2021
South Norwood,Lawrence Road,,,Croydon,,200001210571,E09000008,South Norwood,E05011485,-0.07870599118140986,51.397299431222336,533754.9637548124,168224.92722424015,05/16/2021
Pollards Hill Library,South Lodge Avenue,Mitcham,,Merton,,48065103,E09000024,Pollards Hill,E05000467,-0.13185469302694358,51.400096938281195,530049.8747400217,168440.4571313564,05/16/2021
Morden Library,London Road,Morden,,Merton,,48083350,E09000024,Merton Park,E05000466,-0.19601753880999032,51.40152859895829,525582.9659790238,168487.92715418822,05/16/2021
Shortlands Library,Shortlands Road,Bromley,,Bromley,,100022891493,E09000006,Shortlands,E05000126,-0.007179485415166463,51.39977352925261,538722.9624084048,168632.92711185064,05/16/2021
Norbury,Beatrice Avenue,,,Croydon,,100023319420,E09000008,Norbury & Pollards Hill,E05011472,-0.120629872999332,51.40559626545291,530814.9645571063,169071.92699496547,05/16/2021
Bromley Central Library,High Street,Bromley,,Bromley,,100022886980,E09000006,Bromley Town,E05000109,0.014474248905763855,51.403764999162505,540216.9620015749,169117.92697948817,05/16/2021
Kingston Library,Fairfield Road,Kingston Upon Th,,Kingston upon Thames,,128019808,E09000021,Grove,E05000408,-0.3002491798682071,51.409346114534436,518312.9679544729,169183.92696208414,05/16/2021
Raynes Park Library,Approach Road,,,Merton,,48128562,E09000024,Dundonald,E05000459,-0.22778871399289086,51.409100405652225,523352.7665728128,169276.00689552637,05/16/2021
Mitcham Library,London Road,Mitcham,,Merton,,48083196,E09000024,Figge's Marsh,E05000460,-0.1624500890413566,51.408623908164046,527897.9653473786,169334.92692026315,05/16/2021
St Pauls Cray Library,Mickleham Road,Orpington,,Bromley,,100022898290,E09000006,Cray Valley West,E05000115,0.10326525537829526,51.40454328007679,546389.9603226336,169377.926910726,05/16/2021
Beckenham Library,Beckenham Road,Beckenham,,Bromley,,10003628986,E09000006,Clock House,E05000112,-0.03693327211779275,51.40862986300642,536626.9629745265,169561.92686065484,05/16/2021
Hampton,Rosehill,Hampton,,Richmond upon Thames,,100023398181,E09000027,Hampton,E05000520,-0.37028679191163216,51.41387532172656,513430.96928190993,169576.92685505108,05/16/2021
Hampton Wick,Bennet Close,Hampton Wick,,Richmond upon Thames,,10002251905,E09000027,Hampton Wick,E05000522,-0.3133145785707246,51.413788352127966,517392.9682079052,169656.9268357262,05/16/2021
Penge Library,Green Lane,,,Bromley,,10070007380,E09000006,Penge and Cator,E05000123,-0.05110211333435337,51.41392033412289,535625.9632493134,170123.92670712888,05/16/2021
Colliers Wood Library,High Street Collier's Wood,,,Merton,,48121555,E09000024,Colliers Wood,E05000457,-0.17746068929076944,51.41862164231011,526826.4255986001,170420.60661889176,05/16/2021
Upper Norwood,Westow Hill,,,Lambeth,,10091838065,E09000022,Gipsy Hill,E05000422,-0.08133357149351181,51.420039987826705,533505.9638236926,170748.9265378251,05/16/2021
Wimbledon Library,Wimbledon Hill Road,,,Merton,,48127190,E09000024,Hillside,E05000462,-0.2079525489081031,51.42243985745319,524695.9662188458,170792.92652630905,05/16/2021
Burnt Ash Library,Burnt Ash Lane,Bromley,,Bromley,,100022890161,E09000006,Plaistow and Sundridge,E05000125,0.01969664660981789,51.41981739697538,540530.9619139191,170912.9264929265,05/16/2021
Hampton Hill,High Street,Hampton Hill,,Richmond upon Thames,,10024344272,E09000027,Fulwell and Hampton Hill,E05000518,-0.35592738221028836,51.42651589213666,514397.9690190956,171004.9264666256,05/16/2021
Chislehurst Library,Red Hill,Chislehurst,,Bromley,,100022901114,E09000006,Chislehurst,E05000111,0.06475348587640728,51.42003975624142,543662.9610654722,171024.92646037595,05/16/2021
Tudor Drive Library,Tudor Drive,Kingston Upon Th,,Kingston upon Thames,,128039997,E09000021,Tudor,E05000415,-0.2975043129604656,51.42631988537038,518459.96791682,171075.92644799832,05/16/2021
Teddington,Waldegrave Road,Teddington,,Richmond upon Thames,,10002264575,E09000027,Teddington,E05000530,-0.33437822559706193,51.42774016606845,515892.96861373796,171174.92642226105,05/16/2021
Tooting Library,Mitcham Road,,,Wandsworth,,121014131,E09000032,Graveney,E05000616,-0.16575880934861112,51.426553631811416,527617.9654241761,171322.92637992097,05/16/2021
Sydenham community library service,Sydenham Road,,,Lewisham,,100023262826,E09000023,Sydenham,E05000452,-0.040594374623262014,51.42692871607006,536317.9630606032,171589.9263107038,05/16/2021
Downham Library,Moorside Road,Bromley,,Lewisham,,100022890162,E09000023,Downham,E05000442,0.009860706418794473,51.427072939198766,539824.9621084176,171700.9262772377,05/16/2021
Sidcup Library,Hadlow Road,Sidcup,,Bexley,,100022918511,E09000004,Sidcup,E05011230,0.10503442515063745,51.42584285174532,546444.9603073462,171749.9262663201,05/16/2021
Kingswood Library,Seeley Drive,,,Southwark,,200003436418,E09000028,Dulwich Wood,E05011101,-0.08170350290258684,51.43044179347691,533449.9638380159,171904.92622515786,05/16/2021
Streatham,Streatham High Road,,,Lambeth,,100023315960,E09000022,Streatham Wells,E05000432,-0.1291453613712909,51.43157773246783,530148.9647351261,171945.92621292872,05/16/2021
Coldharbour Library,William Barefoot Drive,Eltham,,Greenwich,,10010224659,E09000011,Coldharbour and New Eltham,E05000217,0.05731724694296513,51.430323322896136,543113.8011795362,172153.9061361276,05/16/2021
Ham,Ham Street,Ham,,Richmond upon Thames,,100023395688,E09000027,"Ham, Petersham and Richmond Riverside",E05000519,-0.31323220056700035,51.43788673618039,517336.9682188198,172336.9261058165,05/16/2021
Hanworth Library,Hampton Road West,Feltham,,Hounslow,,100023517802,E09000018,Hanworth,E05000353,-0.3888989790557881,51.440345467176584,512071.9696514228,172491.92606236966,05/16/2021
Forest Hill Library,Dartmouth Road,,,Lewisham,,100023257020,E09000023,Forest Hill,E05000444,-0.056181427931809545,51.435893450503784,535207.9633615606,172557.92604854185,05/16/2021
Grove Park community library service,Somertrees Avenue,,,Lewisham,,100023232090,E09000023,Grove Park,E05000445,0.023487575502772487,51.4359574416333,540744.9618575166,172714.92600374314,05/16/2021
Mottingham Library,Mottingham Road,,,Bromley,,100023283985,E09000006,Mottingham and Chislehurst North,E05000121,0.0436116265774889,51.43746092960498,542138.9614779579,172920.9259480709,05/16/2021
Heathfield Library Access Point,Percy Road,Twickenham,,Richmond upon Thames,,100023401561,E09000027,Heathfield,E05000523,-0.36445224784961994,51.4439813454894,513761.96919134725,172933.92594354664,05/16/2021
New Eltham Library,Southwood Road,Eltham,,Greenwich,,10010197970,E09000011,Coldharbour and New Eltham,E05000217,0.07129801093110567,51.43753031841211,544062.9409351735,172982.69588993036,05/16/2021
Earlsfield Library,Magdalen Road,,,Wandsworth,,100023328731,E09000032,Earlsfield,E05000612,-0.18672205665367642,51.44243722287376,526116.9658314805,173052.9259125868,05/16/2021
Feltham Library,High Street,Feltham,,Hounslow,,100023399114,E09000018,Feltham West,E05000352,-0.41107041588513893,51.446363312810824,510516.57005115296,173127.52586718474,05/16/2021
Southfields Library,Wimbledon Park Road,,,Wandsworth,,100023335031,E09000032,West Hill,E05000628,-0.20870960723587376,51.44354846362488,524585.9662492336,173138.9258870809,05/16/2021
Torridon Road Library,Torridon Road,,,Lewisham,,100023276877,E09000023,Catford South,E05000440,-0.0015708882847137867,51.44234940047804,538983.962338323,173377.92582294188,05/16/2021
Twickenham,Garfield Road,Twickenham,,Richmond upon Thames,,100023574356,E09000027,Twickenham Riverside,E05000531,-0.3278885830697373,51.447484803958986,516293.9685030005,173380.92582255846,05/16/2021
Balham Library,Ramsden Road,,,Wandsworth,,100023306589,E09000032,Balham,E05000610,-0.15233655322073691,51.44547974899245,528497.965185466,173450.92580555327,05/16/2021
Catford library,Catford Road,,,Lewisham,,200000556121,E09000023,Rushey Green,E05000451,-0.020669219921529154,51.44461571417679,537649.9626981677,173593.92576374905,05/16/2021
Bexley Community Library,Bourne Road,Bexley,,Bexley,,100022922056,E09000004,St. Mary's & St. James,E05011229,0.15084001030658845,51.44276353035591,549573.9594555409,173723.92573157488,05/16/2021
Bedfont Library,Staines Road,Feltham,,Hounslow,,100023400018,E09000018,Bedfont,E05000346,-0.43421019079699963,51.45205186179584,508895.07049041585,173725.52570352075,05/16/2021
Roehampton Library,Danebury Avenue,,,Wandsworth,,100023314365,E09000032,Roehampton and Putney Heath,E05000621,-0.24208454806663623,51.44980882837217,522249.9668854912,173778.92571421777,05/16/2021
Whitton,Nelson Road,Twickenham,,Richmond upon Thames,,100023401915,E09000027,Whitton,E05000533,-0.359144796323774,51.45274653435447,514108.96909869276,173916.92567624885,05/16/2021
Dulwich Library,Lordship Lane,,,Southwark,,200003440972,E09000028,Dulwich Village,E05011100,-0.07455844398875333,51.44880497853627,533892.9637220181,173959.9256651976,05/16/2021
Blackfen Community Library,Blackfen Road,Sidcup,,Bexley,,10023305013,E09000004,Blackfen & Lamorbey,E05011220,0.10442832962316899,51.45018690877323,546325.0103262541,174455.71550655738,05/16/2021
Eltham Centre Library,Eltham High Street,Eltham,,Greenwich,,100023282187,E09000011,Eltham North,E05000218,0.05790529620898578,51.45103289017471,543089.9612178477,174457.92552777258,05/16/2021
Northcote Library,Northcote Road,,,Wandsworth,,100023304130,E09000032,Northcote,E05000619,-0.1643392757855865,51.455155598721326,527636.9654195373,174505.92551761074,05/16/2021
Wandsworth Town Library,Garratt Lane,,,Wandsworth,,121008322,E09000032,Fairfield,E05000614,-0.19245332164661547,51.456185724745694,525680.965952119,174571.9254992552,05/16/2021
Crayford Library,Townhall Square,Dartford,,Bexley,,10090792770,E09000004,Crayford,E05011222,0.180103802641422,51.449914170203115,551583.8289072689,174579.17549737834,05/16/2021
Richmond Information and Reference Library. Richmond Local Studies Library.,Whittaker Avenue,Richmond,,Richmond upon Thames,,10002264550,E09000027,South Richmond,E05000528,-0.30641313180537816,51.45885770501777,517756.96810621116,174679.92546862114,05/16/2021
Crofton Park community library service,Brockley Road,,,Lewisham,,100023271665,E09000023,Crofton Park,E05000441,-0.03629348437077293,51.455445096952516,536531.9630004575,174768.9254461493,05/16/2021
Manor House Library,Old Road,,,Lewisham,,100023570127,E09000023,Lee Green,E05000447,0.004509414834028291,51.45731767101268,539360.9622339455,175053.92536752747,05/16/2021
Richmond Lending Library,Little Green,Richmond,,Richmond upon Thames,,10002249444,E09000027,South Richmond,E05000528,-0.30369457001961214,51.46229853418381,517936.96805750404,175066.92536325537,05/16/2021
Putney Library,Disraeli Road,,,Wandsworth,,100023313019,E09000032,Thamesfield,E05000625,-0.21588478609567938,51.46178720851301,524037.9663987382,175154.92534204206,05/16/2021
Central Library,Townley Road,Bexleyheath,,Bexley,,100022922362,E09000004,Bexleyheath,E05011219,0.14377581122238575,51.45599566160382,549039.9595993898,175180.92533268261,05/16/2021
Lewisham Library,Lewisham High Street,,,Lewisham,,100023234441,E09000023,Lewisham Central,E05000448,-0.011657205039785986,51.459274497800756,538231.9625396793,175240.9253173179,05/16/2021
Carnegie library (Herne Hill),Herne Hill Road,,,Lambeth,,10091838239,E09000022,Herne Hill,E05000423,-0.09658350441268682,51.460783602882024,532327.9641446387,175251.92531237466,05/16/2021
Brixton,Brixton Oval,,,Lambeth,,200000455963,E09000022,Coldharbour,E05000420,-0.11472316262723081,51.46110378780804,531066.9644857298,175254.92531360558,05/16/2021
Grove Vale Library,Grove Vale,,,Southwark,,200003443932,E09000028,Goose Green,E05011103,-0.07930259358112476,51.46161675820898,533525.9638173911,175375.92527881358,05/16/2021
Clapham,Clapham High Street,,,Lambeth,,10090197569,E09000022,Ferndale,E05000421,-0.13364921719709352,51.463106902941135,529746.5948506027,175443.99526808847,05/16/2021
East Sheen,Sheen Lane,,,Richmond upon Thames,,100023310505,E09000027,East Sheen,E05000517,-0.26758686304001594,51.46541281685656,520436.96737865405,175471.9252549184,05/16/2021
Battersea Library,Lavender Hill,,,Wandsworth,,100023297401,E09000032,Shaftesbury,E05000623,-0.16414181494885924,51.464028301439264,527625.9654222246,175492.92524821288,05/16/2021
Isleworth Library,Twickenham Road,Isleworth,,Hounslow,,100023407264,E09000018,Isleworth,E05000362,-0.3301156693406273,51.46690964969812,516089.9685614265,175537.52521190554,05/16/2021
Hounslow Library,High Street,Hounslow,,Hounslow,,100023402396,E09000018,Hounslow Central,E05000358,-0.36302534630997413,51.468133526919225,513801.1091357505,175622.0151802436,05/16/2021
Beavers Library,Salisbury Road,Hounslow,,Hounslow,,10093260482,E09000018,Cranford,E05000350,-0.39640594401295276,51.470237543091585,511477.4897725192,175804.6751632457,05/16/2021
York Gardens Library,Lavender Road,,,Wandsworth,,10091844398,E09000032,Latchmere,E05000617,-0.1777202106438472,51.46722565711844,526673.9656829655,175824.9251566414,05/16/2021
Welling Library,Bellegrove Road,Welling,,Bexley,,100022920830,E09000004,Falconwood & Welling,E05011226,0.10617634497147971,51.462531706015504,546406.9603189962,175831.92515727284,05/16/2021
Hurlingham and Chelsea School and Community Library ,Peterborough Road,,,Hammersmith and Fulham,,34063756,E09000013,Sands End,E05000262,-0.1965001992063294,51.46782168220948,525367.9660397246,175858.92514789983,05/16/2021
Nunhead Library,Gordon Road,,,Southwark,,200003385977,E09000028,Nunhead & Queen's Road,E05011108,-0.05969118842274181,51.465790075265346,534875.9634513928,175875.92514376406,05/16/2021
Blackheath Village community library service,Blackheath Grove,,,Lewisham,,100023268086,E09000023,Blackheath,E05000438,0.009577580537581539,51.46619682016089,539685.9621433753,176050.92509520176,05/16/2021
Minet,Knatchbull Road,,,Lambeth,,100021859495,E09000022,Vassall,E05000436,-0.1053902335891044,51.471295012314776,531685.9643184426,176404.9250015731,05/16/2021
Battersea Park Library,Battersea Park Road,,,Wandsworth,,100023301848,E09000032,Queenstown,E05000620,-0.15442383994200415,51.474388157118845,528271.9652454042,176661.9249297087,05/16/2021
Cranford Library,Bath Road,Hounslow,,Hounslow,,100023405818,E09000018,Cranford,E05000350,-0.4064455416865627,51.47815067032317,510761.06998417294,176669.42492911842,05/16/2021
Kew,North Road,Kew,,Richmond upon Thames,,100023410988,E09000027,Kew,E05000524,-0.2846345022180666,51.47650840735147,519223.9677066781,176677.92492730194,05/16/2021
Peckham Library,Peckham Hill Street,,,Southwark,,200003394812,E09000028,Peckham,E05011110,-0.0693488405978242,51.47438492807344,534179.9636416273,176813.9248893648,05/16/2021
Fulham,Fulham Road,,,Hammersmith and Fulham,,34044300,E09000013,Town,E05000264,-0.20268018959206402,51.47726891717708,524912.9661624572,176898.9248684743,05/16/2021
Camberwell Library,Camberwell Green,,,Southwark,,10090749181,E09000028,Camberwell Green,E05011096,-0.09261654656016378,51.47582706649945,532559.9640800752,176931.92485812766,05/16/2021
New Cross community library service,New Cross Road,,,Lewisham,,100023239028,E09000023,New Cross,E05000449,-0.038671307681292365,51.47552113785268,536306.963061503,176996.92483890377,05/16/2021
North Heath Community Library,Mill Road,Erith,,Bexley,,10011846473,E09000004,Northumberland Heath,E05011228,0.16132036936964583,51.47329976308472,550201.9592869194,177140.92480066943,05/16/2021
Castelnau,Castelnau,,,Richmond upon Thames,,100023309520,E09000027,Barnes,E05000516,-0.23758762539437,51.48026254844265,522480.9668213043,177172.92479229002,05/16/2021
Slade Green Community Library,Chrome Road,Erith,,Bexley,,10090794390,E09000004,Slade Green & Northend,E05011231,0.19098196406310414,51.47312348543837,552262.3887182947,177182.55479376222,05/16/2021
Osterley Library,St Marys Crescent,Isleworth,,Hounslow,,100023406343,E09000018,Osterley and Spring Grove,E05000363,-0.34589192088611076,51.4823315350001,514955.46886653034,177227.62472664565,05/16/2021
Tate South Lambeth,South Lambeth Road,,,Lambeth,,100023383422,E09000022,Oval,E05000426,-0.12395765282230707,51.47920138584308,530373.9646736038,177250.92477117362,05/16/2021
The Library at Deptford Lounge,Giffin Street,,,Lewisham,,10023235598,E09000023,New Cross,E05000449,-0.024277121156345824,51.477707425061055,537299.9627920247,177266.92476609803,05/16/2021
Blackheath Library,Old Dover Road,Blackheath,,Greenwich,,100023268277,E09000011,Blackheath Westcombe,E05000215,0.0215577962822391,51.47698021011305,540484.9619261918,177272.92476624955,05/16/2021
West Greenwich Library,Greenwich High Road,Greenwich,,Greenwich,,10010200468,E09000011,Greenwich West,E05000222,-0.0112746713209485,51.47800015810833,538201.9625475925,177323.92475057428,05/16/2021
Bostall Community Library,King Harolds Way,Bexleyheath,,Bexley,,100022923151,E09000004,West Heath,E05011233,0.12991099614410725,51.47570024883505,548012.9598784036,177343.92474693077,05/16/2021
Heston Library,New Heston Road,Hounslow,,Hounslow,,100023405372,E09000018,Heston Central,E05000355,-0.37542855114030926,51.485872150493414,512895.86939250183,177575.42468321114,05/16/2021
Brandon Library,Maddock Way,,,Southwark,,200003494326,E09000028,Newington,E05011105,-0.10292941032763885,51.48272095212902,531823.9642840625,177679.92465270282,05/16/2021
Charlton Library,Charlton Road,Charlton,,Greenwich,,100023280005,E09000011,Charlton,E05000216,0.037180508317574454,51.480477808198174,541558.9616344546,177691.92465213547,05/16/2021
Brentford Library ,Boston Manor Road,Brentford,,Hounslow,,100023408161,E09000018,Brentford,E05000347,-0.3075706338514477,51.48661122411974,517605.26813550416,177764.32459491026,05/16/2021
Erith Library,Erith High Street,Erith,,Bexley,,10023303354,E09000004,Erith,E05011225,0.18138367417256115,51.47912430033947,551575.9589120407,177829.92461282713,05/16/2021
Chelsea Library,King's Road,,,Kensington and Chelsea,,217105143,E09000020,Royal Hospital,E05009403,-0.1681703312012004,51.48747215654873,527280.9655144423,178092.9245425256,05/16/2021
Greenwich Centre Library,Lambarde Square,Greenwich,,Greenwich,,10010254284,E09000011,Peninsula,E05000225,0.008383267147311111,51.485593460960864,539543.8221675676,178205.5445070882,05/16/2021
Pimlico Library,Lupus Street,,,City of Westminster,,10033620911,E09000033,Tachbrook,E05000645,-0.13717178870970664,51.488179174976445,529431.0249292253,178225.84448712855,05/16/2021
Upper Belvedere Community Library,Woolwich Road,Belvedere,,Bexley,,100022921251,E09000004,Belvedere,E05011218,0.14524529572103692,51.48392800841441,549050.959595881,178289.92448752397,05/16/2021
Durning,Kennington Lane,,,Lambeth,,100023229223,E09000022,Prince's,E05000427,-0.1100815555249121,51.48878961220636,531309.9644212418,178341.92447292397,05/16/2021
Brompton Library,Old Brompton Road,,,Kensington and Chelsea,,217060921,E09000020,Redcliffe,E05009402,-0.1884055400146097,51.49007960038615,525868.965899565,178347.92447118822,05/16/2021
Chiswick Library,Dukes Avenue,,,Hounslow,,200002819006,E09000018,Turnham Green,E05000365,-0.26108546488676,51.4916957402861,520819.1672242407,178405.3244209914,05/16/2021
Plumstead Library,Plumstead High Street,Plumstead,,Greenwich,,100023243067,E09000011,Plumstead,E05000226,0.09628463368668748,51.48636932900989,545643.9605233647,178462.92444127385,05/16/2021
Avonmore Library and Neighbourhood Centre,North End Crescent,,,Hammersmith and Fulham,,34058302,E09000013,Avonmore and Brook Green,E05000252,-0.2071202071093801,51.49257937341141,524562.9662555805,178593.92440666078,05/16/2021
Pepys community library service,Foreshore,,,Lewisham,,100023569428,E09000023,Evelyn,E05000443,-0.030667505987594053,51.48982051294296,536819.9629244455,178601.92440300743,05/16/2021
East Street Library,Old Kent Road,,,Southwark,,200003494660,E09000028,North Walworth,E05011107,-0.08168786393913874,51.490900505131805,533274.9638865427,178627.92439689377,05/16/2021
Woolwich Library,Love Lane,Woolwich,,Greenwich,,10010239328,E09000011,Woolwich Common,E05000229,0.06542053661719975,51.48927120880806,543492.1411008268,178724.70433784818,05/16/2021
Victoria Library,Buckingham Palace Road,,,City of Westminster,,10033616882,E09000033,Warwick,E05000647,-0.14784188289521524,51.49290818752285,528676.9651348334,178732.92436792486,05/16/2021
Harlington Library,Pinkwell Lane,Hayes,,Hillingdon,,10003001185,E09000017,Pinkwell,E05000337,-0.43648461998772836,51.49759691189694,508628.970589222,178786.9243525926,05/16/2021
Hammersmith,Shepherd's Bush Road,,,Hammersmith and Fulham,,34027231,E09000013,Hammersmith Broadway,E05000256,-0.22366629004776184,51.494584693069335,523408.9665690265,178788.9243522979,05/16/2021
Blue Anchor Library,Market Place,,,Southwark,,200003408074,E09000028,South Bermondsey,E05011116,-0.06366898765858289,51.492888416406586,534519.9635495432,178881.92432882427,05/16/2021
Newington Temporary Library,Elephant Road,,,Southwark,,10093341252,E09000028,North Walworth,E05011107,-0.09853712171307945,51.49395818267347,532096.4741554299,178937.42431115988,05/16/2021
Northfields Library,Northfield Avenue,Ealing,,Ealing,,12004049,E09000009,Northfield,E05000182,-0.3141456274609291,51.49903110673739,517116.9682813632,179134.92425896088,05/16/2021
Express Library,St Ann's Street,,,City of Westminster,,100023338401,E09000033,St. James's,E05000644,-0.13014852542753919,51.497555440206305,529891.9648049297,179280.92421977216,05/16/2021
Abbey Wood Library,Eynsham Drive,Abbey Wood,,Greenwich,,10010232562,E09000011,Abbey Wood,E05000214,0.11019536689815596,51.49375806621556,546586.0002464494,179312.29420610698,05/16/2021
Cubitt Town library,Strattondale Street,,,Tower Hamlets,,6081796,E09000030,Blackwall & Cubitt Town,E05009318,-0.011773874458968107,51.49597638746854,538112.9625722067,179321.9242063575,05/16/2021
Waterloo,Kennington Road,,,Lambeth,,100023225318,E09000022,Bishop's,E05000416,-0.111911792731906,51.498180532469874,531155.9644622987,179382.9241920344,05/16/2021
Canada Water Library,Surrey Quays Road,,,Southwark,,10090284129,E09000028,Rotherhithe,E05011112,-0.04915360873162132,51.49780959346151,535512.9632780959,179455.92417356407,05/16/2021
Southall Library (Dominion Centre and Library),Osterley Park Road,Southall,,Ealing,,12020455,E09000009,Norwood Green,E05000186,-0.37912718394601574,51.50338220325516,512595.96950737387,179516.92415607185,05/16/2021
Kensington Central Library,Phillimore Walk,,,Kensington and Chelsea,,217125485,E09000020,Campden,E05009390,-0.1944060926388149,51.50141889533559,525421.286028223,179598.58410744683,05/16/2021
West Drayton Library,Station Road,West Drayton,,Hillingdon,,100023420922,E09000017,West Drayton,E05000342,-0.470240902738304,51.505712650848515,506266.97123141895,179639.92412247462,05/16/2021
Askew Road,Askew Road,,,Hammersmith and Fulham,,34011906,E09000013,Askew,E05000251,-0.24303853013544896,51.50368018316416,522039.96693990345,179767.9240850634,05/16/2021
John Harvard Library,Borough High Street,,,Southwark,,200003356510,E09000028,Chaucer,E05011098,-0.09190823890413757,51.501768664457686,532533.9640894843,179817.9240721048,05/16/2021
Botwell Green Library,East Avenue,Hayes,,Hillingdon,,10022805611,E09000017,Townfield,E05000339,-0.4178401526100187,51.5084792406569,509896.970239931,180024.9240176137,05/16/2021
Acton Town Hall Library,High Street,Acton,,Ealing,,12180771,E09000009,South Acton,E05000188,-0.2678916296943721,51.50640575549801,520307.96741326933,180029.92401728895,05/16/2021
North Woolwich Library,Pier Parade,,,Newham,,10008995497,E09000025,Royal Docks,E05000491,0.06266620725771457,51.501066354640145,543263.9611692192,180030.9240131178,05/16/2021
Thamesmead Library,Binsey Walk,,,Bexley,,100020239019,E09000004,Thamesmead East,E05011232,0.12260186703889121,51.50032934688435,547425.9600412401,180067.9240056633,05/16/2021
Idea Store Canary Wharf,Churchill Place,,,Tower Hamlets,,6145802,E09000030,Canary Wharf,E05009323,-0.014765670744845687,51.50441913154223,537879.8126110017,180255.1039455454,05/16/2021
West Ealing Library,Melbourne Avenue,West Ealing,,Ealing,,12002863,E09000009,Walpole,E05000192,-0.3245240039829782,51.50949413038908,516369.9684829128,180281.9239463071,05/16/2021
Hanwell Library,Cherington Road,Hanwell,,Ealing,,12001465,E09000009,Elthorne,E05000176,-0.33609438096747823,51.50992857111256,515565.9687003134,180311.92393883748,05/16/2021
Mayfair Library,South Audley Street,,,City of Westminster,,100022802697,E09000033,West End,E05000649,-0.15112258251493996,51.509371642069,528402.9652095624,180557.92387423542,05/16/2021
Ealing Central Library,The Broadway,Ealing,,Ealing,,12148296,E09000009,Ealing Broadway,E05000173,-0.30237011567438377,51.512332116870134,517899.9680648097,180632.9238502785,05/16/2021
Yiewsley Library,High Street,West Drayton,,Hillingdon,,100023420805,E09000017,Yiewsley,E05000345,-0.4740464924475635,51.515150115969135,505980.9713071002,180683.92383833945,05/16/2021
Notting Hill Gate Library,Pembridge Square,,,Kensington and Chelsea,,217105238,E09000020,Pembridge,E05009400,-0.19739297599471872,51.5112788770773,525186.9660849748,180689.9238372218,05/16/2021
Charing Cross Library,Charing Cross Road,,,City of Westminster,,10033531833,E09000033,St. James's,E05000644,-0.12809993856832597,51.510274454912825,529997.9647772341,180698.92383321462,05/16/2021
Thamesmere Library,Thamesmere Drive,Thamesmead,,Greenwich,,10010224992,E09000011,Thamesmead Moorings,E05000228,0.10918955410754454,51.5077323358267,546471.3902902965,180864.21376768313,05/16/2021
Idea Store Chrisp Street,Vesey Path,,,Tower Hamlets,,6173963,E09000030,Lansbury,E05009325,-0.014450401073478166,51.511562983761586,537880.1226094011,181050.07370031305,05/16/2021
North Kensington Library,Ladbroke Grove,,,Kensington and Chelsea,,217048255,E09000020,Colville,E05009392,-0.20920078727198493,51.51666647068485,524352.9663128431,181268.92367965193,05/16/2021
Idea Store Watney Market,Commercial Road,,,Tower Hamlets,,6196250,E09000030,Shadwell,E05009332,-0.05723890824615658,51.514337566656515,534902.963443914,181278.92367575894,05/16/2021
Shoe Lane,Little New Street,,,City and County of the City of London,,200000075492,E09000001,Castle Baynard,E05009297,-0.10655681648109486,51.51544126208277,531477.9643743138,181311.923666392,05/16/2021
Paddington Library,Porchester Road,,,City of Westminster,,100023482172,E09000033,Bayswater,E05000631,-0.1886175904606447,51.517420561779865,525778.9659244145,181387.92364751612,05/16/2021
Artizan Street,Artizan Street,,,City and County of the City of London,,95511788,E09000001,Portsoken,E05009308,-0.07677027557954062,51.51565786521084,533543.9638136266,181389.92364780238,05/16/2021
Guildhall Library and City Business Library,Aldermanbury,,,City and County of the City of London,,100023529028,E09000001,Bassishaw,E05009290,-0.0928236223742909,51.5160730392103,532428.9641168155,181406.92364239693,05/16/2021
Yeading Library,Yeading Lane,Hayes,,Hillingdon,,100023417063,E09000017,Barnhill,E05000324,-0.40413499746411224,51.52087366045075,510817.96999228466,181423.92363692028,05/16/2021
Jubilee Gardens Library,Jubilee Gardens,Southall,,Ealing,,12000640,E09000009,Lady Margaret,E05000181,-0.3694841596411997,51.52123328606379,513220.9693387061,181516.9236118436,05/16/2021
Custom House Library,Prince Regent Lane,,,Newham,,10008990024,E09000025,Custom House,E05000479,0.03140817417609527,51.51518231784571,541050.9617739958,181539.92360606993,05/16/2021
Beckton Library,Kingsford Way,,,Newham,,10008997116,E09000025,Beckton,E05000475,0.05539908085628215,51.51503400034253,542715.9613197406,181569.9235966571,05/16/2021
Canning Town Library,Barking Road,,,Newham,,10008988046,E09000025,Canning Town North,E05000477,0.011067073382821884,51.5173678498622,539632.9621592908,181743.92355107673,05/16/2021
Marylebone Library,Beaumont Street,,,City of Westminster,,100022725022,E09000033,Marylebone High Street,E05000641,-0.15063751198794026,51.520631837924476,528404.9652089169,181810.9235320018,05/16/2021
Barbican,Silk Street,,,City and County of the City of London,,200000072620,E09000001,Cripplegate,E05009302,-0.09410258685676255,51.51996070969431,532328.9641439863,181836.92352561821,05/16/2021
Idea Store Whitechapel,Whitechapel Road,,,Tower Hamlets,,6000711,E09000030,Spitalfields & Banglatown,E05009333,-0.05801610317189246,51.51978200390365,534832.9634635847,181882.92351240024,05/16/2021
Holborn Library,Theobald's Road,,,Camden,,5082117,E09000007,Holborn and Covent Garden,E05000138,-0.11570264177408757,51.5211820142728,530826.9645532902,181933.9234973102,05/16/2021
Hayes End Library,Uxbridge Road,Hayes,,Hillingdon,,100023417260,E09000017,Charville,E05000328,-0.4361038237153604,51.52598024425166,508587.9705978525,181943.92349437682,05/16/2021
Little Venice Sports Centre Library,Crompton Street,,,City of Westminster,,10033612553,E09000033,Little Venice,E05000639,-0.1771849588311924,51.5225401390285,526557.9657121842,181976.92348671338,05/16/2021
Church Street Library,Church Street,,,City of Westminster,,10033532267,E09000033,Church Street,E05000634,-0.17015942275439191,51.52303327026871,527043.9655801717,182043.9234688331,05/16/2021
Kensal Library,Golborne Road,,,Kensington and Chelsea,,217035223,E09000020,Golborne,E05009396,-0.20685769561839437,51.523842759666856,524495.966272932,182070.92346114467,05/16/2021
Rainham Library,Celtic Farm Road,Rainham,,Havering,,10024389958,E09000016,Rainham and Wennington,E05000318,0.19105684794165076,51.51726756989826,552120.4987447774,182091.32341971784,05/16/2021
Pitshanger Library,Pitshanger Lane,Ealing,,Ealing,,12132976,E09000009,Cleveland,E05000171,-0.31391698201276946,51.52589729908327,517063.96829242795,182122.92344782403,05/16/2021
Maida Vale Library,Sutherland Avenue,,,City of Westminster,,100023511234,E09000033,Westbourne,E05000648,-0.19043448028458895,51.52466969126681,525632.9659632224,182190.92342802283,05/16/2021
Local History Library,Bancroft Road,,,Tower Hamlets,,6033654,E09000030,Bethnal Green,E05009317,-0.04234719746584141,51.523819975243946,535907.9631736489,182360.9233827836,05/16/2021
Queen's Park library,Harrow Road,,,City of Westminster,,100023433123,E09000033,Queen's Park,E05000642,-0.2109133746500165,51.52702511882832,524205.96635199816,182417.92336703523,05/16/2021
Greenford Library,Oldfield Lane South,Greenford,,Ealing,,12001186,E09000009,Greenford Broadway,E05000177,-0.3552361187623169,51.52981095004077,514187.96907779435,182492.9233449609,05/16/2021
Finsbury Library,St John Street,,,Islington,,5300084848,E09000019,Clerkenwell,E05000370,-0.10452699990419771,51.52648754915111,531586.9643476697,182543.92333443527,05/16/2021
Bethnal Green library,Cambridge Heath Road,,,Tower Hamlets,,6036905,E09000030,Bethnal Green,E05009317,-0.05373933523968131,51.526437503257526,535109.963391297,182630.9233086484,05/16/2021
Charville Library,Bury Avenue,Hayes,,Hillingdon,,100023417465,E09000017,Charville,E05000328,-0.42751514818379893,51.53509140849695,509161.97044337785,182969.92321804503,05/16/2021
Shoreditch Library,Hoxton Street,,,Hackney,,100023135480,E09000012,Hoxton East & Shoreditch,E05009377,-0.07991011769427367,51.53043934026169,533282.9638864312,183027.92320074892,05/16/2021
Thames View,Bastable Avenue,Barking,,Barking and Dagenham,,10091588559,E09000002,Thames,E05000039,0.10454826072804534,51.527867646980845,546084.9604050822,183093.9231820908,05/16/2021
Plaistow Library,North Street,,,Newham,,46096940,E09000025,Plaistow North,E05000489,0.02563845923029709,51.52969780932317,540605.9618955007,183142.92316947115,05/16/2021
St John's Wood Library,Circus Road,,,City of Westminster,,10033532542,E09000033,Abbey Road,E05000630,-0.172426048058209,51.533742876608024,526856.9656288775,183230.9231448467,05/16/2021
Pancras Square Library,Pancras Square,,,Camden,,5172479,E09000007,St. Pancras and Somers Town,E05000143,-0.12638372045590165,51.5338260074826,530049.964766389,183320.92312090466,05/16/2021
Camden Town Library,Eversholt Street,,,Camden,,5021816,E09000007,Regent's Park,E05000142,-0.13774281582738876,51.53424964332502,529260.9649801243,183347.9231146294,05/16/2021
Idea Store Bow,Gladstone Place,,,Tower Hamlets,,6053810,E09000030,Bow East,E05009319,-0.029903774766043174,51.532559450207216,536744.962942905,183355.9231113579,05/16/2021
East Ham Library,Barking Road,,,Newham,,46253323,E09000025,East Ham Central,E05000480,0.055454803155792654,51.53228124056825,542665.9613353823,183487.92307693465,05/16/2021
Kilburn Library Centre,Kilburn High Road,,,Camden,,5134480,E09000007,Kilburn,E05000140,-0.19112303630061275,51.53638870688633,525552.9659845328,183492.92307369295,05/16/2021
South Hornchurch Library,Rainham Road,Rainham,,Havering,,100023214503,E09000016,South Hornchurch,E05000321,0.18756287910507388,51.53021559546608,551835.0788367825,183523.9030472876,05/16/2021
Northolt Library,Church Road,Northolt,,Ealing,,12140961,E09000009,Northolt West End,E05000185,-0.3854101554456,51.539635937202455,512070.9696516794,183538.92306284688,05/16/2021
Harlesden,Craven Park Road,,,Brent,,202110706,E09000005,Harlesden,E05000091,-0.2504721285511835,51.538682427947755,521430.9671044777,183647.92303396435,05/16/2021
Oak Farm Library,Sutton Court Road,Uxbridge,,Hillingdon,,100023414220,E09000017,Hillingdon East,E05000332,-0.4500906968658077,51.541560702241505,507580.9708753232,183655.92303214548,05/16/2021
Lewis Carroll Children's Library,Copenhagen Street,,,Islington,,10012791189,E09000019,Caledonian,E05000368,-0.11729572444555002,51.537070788927245,530670.9645956919,183697.92301700945,05/16/2021
Perivale Library,Horsenden Lane South,Perivale,,Ealing,,12003797,E09000009,Perivale,E05000187,-0.3240444585421291,51.54060106618722,516323.96849671094,183741.9230062125,05/16/2021
Green Street Library,Green Street,,,Newham,,10009001054,E09000025,Green Street East,E05000485,0.03530825452292752,51.536391735179805,541255.9617189604,183905.92296321114,05/16/2021
South Library,Essex Road,,,Islington,,5300031416,E09000019,St. Mary's,E05000379,-0.09872745764657517,51.53903734783922,531952.964247037,183949.92295148538,05/16/2021
Barking,Town Square,Barking,,Barking and Dagenham,,100053358,E09000002,Abbey,E05000026,0.07981872802513953,51.536321314579695,544342.9608795721,183984.92293991748,05/16/2021
Uxbridge Library,High Street,Uxbridge,,Hillingdon,,100023421562,E09000017,Uxbridge South,E05000341,-0.4782767141894988,51.54518515249601,505617.97140638385,184017.92293295206,05/16/2021
Chalk Farm (now Primrose Hill Community Library),Sharpleshall Street,,,Camden,,5154072,E09000007,Camden Town with Primrose Hill,E05000130,-0.15667023405349062,51.541140159757944,527928.9653407894,184080.92291450268,05/16/2021
West Library,Bridgeman Road,,,Islington,,5300011807,E09000019,Caledonian,E05000368,-0.116178031044767,51.54073985232338,530737.9645752062,184107.92290518887,05/16/2021
Swiss Cottage Library,Avenue Road,,,Camden,,5061473,E09000007,Swiss Cottage,E05000144,-0.17320836685445223,51.54228907458206,526778.9656516052,184179.9228882196,05/16/2021
Stratford Library,The Grove,,,Newham,,46101428,E09000025,Stratford and New Town,E05000492,0.004355964852388329,51.54277052536793,539089.9623049725,184555.92278536694,05/16/2021
Willesden Green,High Road,,,Brent,,202216288,E09000005,Willesden Green,E05000105,-0.22892149898310693,51.5466504009109,522903.9667075057,184569.92278124887,05/16/2021
Dagenham,Church Elm Lane,Dagenham,,Barking and Dagenham,,10023599312,E09000002,Village,E05000041,0.148461447412393,51.54038101481325,549089.9595886918,184573.922782105,05/16/2021
Northolt Leisure Centre Library,Eastcote Lane North,Northolt,,Ealing,,12173354,E09000009,Northolt Mandeville,E05000184,-0.3684797608344367,51.54889944363907,513222.05930507695,184595.13273392664,05/16/2021
Hackney Central Library,Reading Lane,,,Hackney,,10008243137,E09000012,Hackney Central,E05009372,-0.05607030766713137,51.54447929868019,534894.9634465151,184632.92276584363,05/16/2021
Dalston CLR James Library,Dalston Square,,,Hackney,,10008322989,E09000012,Dalston,E05009370,-0.07393303111651725,51.546047399645325,533651.8237682488,184774.50268205605,05/16/2021
Ealing Road,Ealing Road,Wembley,,Brent,,202102174,E09000005,Wembley Central,E05000104,-0.29742233452430544,51.54953419172751,518146.9680006942,184777.92272303248,05/16/2021
Belsize Community Library,Antrim Road,,,Camden,,5045720,E09000007,Belsize,E05000128,-0.16225271856894283,51.54790026934915,527522.9654521256,184822.9227146525,05/16/2021
Mildmay Library,Mildmay Park,,,Islington,,5300062563,E09000019,Mildmay,E05000377,-0.08430754848600175,51.54760616918449,532927.9639809256,184928.92268464336,05/16/2021
West Hampstead Library,Dennington Park Road,,,Camden,,5037144,E09000007,West Hampstead,E05000145,-0.19160889052894714,51.550316750476874,525480.9660041387,185040.9226551248,05/16/2021
Barham Park,Harrow Road,Wembley,,Brent,,202209694,E09000005,Sudbury,E05000101,-0.311416087796811,51.5521822873598,517169.9682648821,185049.92265177018,05/16/2021
Wood End Library,Whitton Avenue West,Greenford,,Ealing,,12001293,E09000009,North Greenford,E05000183,-0.3498501757625641,51.55277367710072,514503.96899227635,185054.92265164194,05/16/2021
Islington Central Library,Fieldway Crescent,,,Islington,,5300033298,E09000019,Highbury East,E05000372,-0.10712946724683517,51.54923604460503,531340.9644118594,185068.92264553037,05/16/2021
Kentish Town Library,Kentish Town Road,,,Camden,,5085726,E09000007,Kentish Town,E05000139,-0.14044530792915502,51.550011745149654,529028.965041315,185095.92263962963,05/16/2021
Queens Crescent Library,Queen's Crescent,,,Camden,,5055133,E09000007,Gospel Oak,E05000134,-0.15117179604181458,51.55048696924614,528283.9652457098,185129.9226306702,05/16/2021
The Gate Library ,Woodgrange Road,,,Newham,,10008993577,E09000025,Forest Gate South,E05000484,0.025514898268868425,51.547703484992354,540541.9619102099,185144.92262488848,05/16/2021
Homerton Library,Homerton High Street,,,Hackney,,100023022501,E09000012,King's Park,E05009379,-0.04174391520192781,51.54896231292343,535874.9631786781,185157.92262282706,05/16/2021
John Barnes Library,Rowstock Gardens,,,Islington,,10093108781,E09000019,Holloway,E05000375,-0.12579581843326124,51.55093872275794,530041.9647661131,185224.92260435305,05/16/2021
Uphall School Library,Uphall Road,Ilford,,Redbridge,,100023043973,E09000026,Loxford,E05011247,0.07215754212497608,51.54797663299112,543774.9610327648,185265.9225917015,05/16/2021
South Ruislip Library,Victoria Road,Ruislip,,Hillingdon,,10003002133,E09000017,South Ruislip,E05000338,-0.3951208686310998,51.55733573379721,511354.3798202437,185492.43247787916,05/16/2021
Manor Park Library,Romford Road,,,Newham,,10008990819,E09000025,Manor Park,E05000488,0.04699640692271042,51.550720470165544,542021.9615100165,185521.92252364598,05/16/2021
Keats Community Library,Keats Grove,,,Camden,,5085918,E09000007,Hampstead Town,E05000135,-0.16820770293921994,51.55548416676798,527088.9655676862,185655.92248831573,05/16/2021
Cricklewood,Olive Road,,,Brent,,202217896,E09000005,Mapesbury,E05000095,-0.22737082985598045,51.55686058827446,522983.9666858531,185707.9224726662,05/16/2021
Elm Park Library,St Nicholas Avenue,Hornchurch,,Havering,,100023214017,E09000016,St. Andrew's,E05000320,0.1985075658049549,51.55250692897841,552519.7386262647,186025.37233682233,05/16/2021
Ickenham Library,Community Close,Ickenham,,Hillingdon,,100023413527,E09000017,Ickenham,E05000333,-0.4435006165134365,51.563522500776344,507985.9707617552,186107.92236380302,05/16/2021
Roxeth,Northolt Road,Harrow,,Harrow,,200000307802,E09000015,Roxeth,E05000302,-0.3565204536052971,51.5626149763032,514016.9691258691,186138.92235590582,05/16/2021
Harrow Green Community Library,Cathall Road,Leytonstone,,Waltham Forest,,100022963778,E09000031,Cathall,E05000591,0.006473774284329534,51.55812975111253,539189.9622795356,186267.92231885804,05/16/2021
North Library,Manor Gardens,,,Islington,,5300060053,E09000019,Finsbury Park,E05000371,-0.12175612447341658,51.56041527433732,530294.9646982616,186285.9223163136,05/16/2021
Leyton Library,High Road Leyton,Leyton,,Waltham Forest,,10009148520,E09000031,Leyton,E05000604,-0.007536458367378586,51.55873732719498,538216.9625455157,186308.922309493,05/16/2021
Childs Hill ,Cricklewood Lane,,,Barnet,,200219960,E09000003,Childs Hill,E05000045,-0.2006677922917506,51.56217404481561,524820.4961557946,186343.99230751814,05/16/2021
Redbridge Central Library,Clements Road,Ilford,,Redbridge,,100023043071,E09000026,Ilford Town,E05011246,0.07532810131822455,51.55806438964066,543962.960980725,186393.92228495312,05/16/2021
Upminster Library,Corbets Tey Road,Upminster,,Havering,,100023215782,E09000016,Upminster,E05000323,0.2481217868387063,51.55515048342357,555950.1176925879,186423.90225828148,05/16/2021
Stoke Newington Library,Stoke Newington Church Street,,,Hackney,,100023154905,E09000012,Clissold,E05009369,-0.08279582411650677,51.561618902981415,532991.9639629127,186489.92226024,05/16/2021
Valence,Becontree Avenue,Dagenham,,Barking and Dagenham,,100002559,E09000002,Valence,E05000040,0.13386713410181025,51.55857898754098,548018.9598799705,186567.92223930883,05/16/2021
Goodmayes Library,Goodmayes Lane,Ilford,,Redbridge,,100023050383,E09000026,Mayfield,E05011248,0.10899118951349164,51.55940253279035,546292.0603260266,186609.50218294282,05/16/2021
Highgate Library,Chester Road,,,Camden,,5090720,E09000007,Highgate,E05000137,-0.14406805276134754,51.563773763161414,528738.965122946,186619.9222251962,05/16/2021
Clapton Library,Northwold Road,,,Hackney,,100023005817,E09000012,Cazenove,E05009368,-0.05992685977290275,51.562667454924004,534573.9635327441,186648.37216786086,05/16/2021
N4 Library,Blackstock Road,,,Islington,,10001298318,E09000019,Highbury West,E05000373,-0.1035224305613082,51.563835637629396,531548.964357424,186698.92220264528,05/16/2021
Archway Library,Highgate Hill,,,Islington,,10012791132,E09000019,Junction,E05000376,-0.13560724102262378,51.5656809911148,529319.9649653056,186846.92216477322,05/16/2021
Aldersbrook Library,Park Road,,,Redbridge,,100023583395,E09000026,Wanstead Park,E05011254,0.03300627008439247,51.563364969947735,541012.9617837111,186900.92214932176,05/16/2021
Preston,Carlton Avenue East,Wembley,,Brent,,202120286,E09000005,Preston,E05000097,-0.2957421058530939,51.57019251358885,518209.96798273036,187077.92210020788,05/16/2021
Ruislip Manor Library,Linden Avenue,Ruislip,,Hillingdon,,10022800920,E09000017,Manor,E05000334,-0.4115254907019274,51.57232895267138,510180.97016787063,187134.92208450055,05/16/2021
Seven Kings Library,High Road,Ilford,,Redbridge,,10034922466,E09000026,Seven Kings,E05011251,0.09985873189720021,51.56475899337209,545641.9605251472,187186.92207185022,05/16/2021
Leytonstone Library,Church Lane,Leytonstone,,Waltham Forest,,100023583898,E09000031,Leytonstone,E05000605,0.010378833953284679,51.568170573122345,539429.9622143274,187391.922015331,05/16/2021
Woodberry Down Library,Kayani Avenue,,,Hackney,,10008328988,E09000012,Woodberry Down,E05009387,-0.0913483088444412,51.57008746898808,532374.6140948285,187416.12195910478,05/16/2021
Hornchurch Library,North Street,Hornchurch,,Havering,,100023516053,E09000016,St. Andrew's,E05000320,0.22057851263278075,51.564898098469165,554007.9882177925,187449.48199579935,05/16/2021
Stamford Hill Library,Portland Avenue,,,Hackney,,100023159219,E09000012,Springfield,E05009383,-0.07241349352413363,51.57036926480263,533685.963773596,187481.92199082312,05/16/2021
Lea Bridge Library,Lea Bridge Road,Leyton,,Waltham Forest,,200001422209,E09000031,Lea Bridge,E05000603,-0.023492918297366248,51.570706592610165,537074.9628544527,187609.92195627216,05/16/2021
Manor Farm Library,Bury Street,Ruislip,,Hillingdon,,100023034184,E09000017,Eastcote and East Ruislip,E05000329,-0.42842985394792304,51.577996910779014,508995.97048959025,187739.92192139907,05/16/2021
Golders Green ,Golders Green Road,,,Barnet,,200049056,E09000003,Childs Hill,E05000045,-0.20175513321324884,51.57475828272255,524710.7162152786,187741.55192386778,05/16/2021
Eastcote Library,Field End Road,Ruislip,,Hillingdon,,100023034643,E09000017,Eastcote and East Ruislip,E05000329,-0.40057316703111717,51.58037027563353,510920.3799408578,188045.68178487167,05/16/2021
Robert Jeyes Community Library,High Road,Chadwell Heath,,Barking and Dagenham,,100101901,E09000002,Whalebone,E05000042,0.1430250081148558,51.57262997285906,548607.9597190745,188148.92180816754,05/16/2021
Stroud Green and Harringay Library,Stapleton Hall Road,,,Haringey,,100023191010,E09000014,Stroud Green,E05000279,-0.10638685951042604,51.57755056141545,531310.9644191521,188218.92178888974,05/16/2021
Hornsey Library,Haringey Park,,,Haringey,,10022939468,E09000014,Crouch End,E05000269,-0.12191534598341668,51.578267895431274,530232.9647139233,188270.92177567317,05/16/2021
Wanstead Library,Spratt Hall Road,,,Redbridge,,100022960264,E09000026,Wanstead Village,E05011255,0.02529544072039497,51.57589019959666,540439.961938011,188278.92177566362,05/16/2021
Gayton,St Johns Road,Harrow,,Harrow,,10070263324,E09000015,Greenhill,E05000288,-0.3317656452636937,51.581683007730916,515684.36863279,188298.2217566137,05/16/2021
Keith Axon Library,Grove Road,Romford,,Redbridge,,10090503264,E09000026,Chadwell,E05011237,0.12131806972919716,51.57438378211518,547098.1700917674,188300.13172967586,05/16/2021
Gants Hill Library,Cranbrook Road,Ilford,,Redbridge,,10034912233,E09000026,Barkingside,E05011235,0.0700710597468937,51.57763552083947,543536.9610972314,188559.92169720394,05/16/2021
St Ann's Library,Cissbury Road,,,Haringey,,100023153820,E09000014,St. Ann's,E05000277,-0.08296577528949091,51.58091977089422,532923.963985097,188635.92167747236,05/16/2021
Kingsbury,Kingsbury Road,,,Brent,,202078174,E09000005,Queensbury,E05000099,-0.27642667052965963,51.586024749046395,519506.9676326654,188869.92161471304,05/16/2021
Garden Suburb Community Library ,Falloden Way,,,Barnet,,200207760,E09000003,Garden Suburb,E05000052,-0.18331957254220582,51.586304110042256,525956.2558534791,189057.09154569142,05/16/2021
Gidea Park Library,Balgores Lane,Romford,,Havering,,100023216148,E09000016,Squirrel's Heath,E05000322,0.20591269951035487,51.58000018263768,552940.9385220773,189098.02152590308,05/16/2021
Romford Central Library,St Edwards Way,Romford,,Havering,,100023211636,E09000016,Romford Town,E05000319,0.1835201474670183,51.58077921154194,551386.9189249516,189138.04153656878,05/16/2021
Walthamstow Library,High Street,Walthamstow,,Waltham Forest,,100022983155,E09000031,High Street,E05000599,-0.021033704528396535,51.58447765565975,537203.9628188399,189145.92153727583,05/16/2021
Hendon,The Burroughs,,,Barnet,,200222812,E09000003,Hendon,E05000055,-0.22893283006415183,51.588593848033604,522790.1467290656,189234.13147476403,05/16/2021
Pinner,Marsh Road,Pinner,,Harrow,,100023037203,E09000015,Pinner South,E05000298,-0.3804714047767071,51.59139964226058,512285.94957147574,189302.85148582672,05/16/2021
Marcus Garvey Library,Philip Lane,,,Haringey,,100023153172,E09000014,Tottenham Green,E05000280,-0.07402762833953754,51.588183086512714,533521.9638208551,189459.9214515501,05/16/2021
Kenton,Kenton Lane,Harrow,,Harrow,,200000313248,E09000015,Kenton West,E05000295,-0.3112442428550126,51.592645333945576,517077.9682900391,189549.9214294238,05/16/2021
Marks Gate,Rose Lane,Chadwell Heath,,Barking and Dagenham,,10002167212,E09000002,Chadwell Heath,E05000029,0.13590343676822916,51.5854127447456,548072.9598618579,189555.92142829008,05/16/2021
Muswell Hill Library,Queens Avenue,,,Haringey,,100023143844,E09000014,Fortis Green,E05000270,-0.14337233563274912,51.591126776373095,528709.9651284715,189662.92139858822,05/16/2021
Wealdstone,High Street,Harrow,,Harrow,,200004437046,E09000015,Marlborough,E05000296,-0.3349384779612847,51.5941439993017,515432.9687362313,189678.9213911352,05/16/2021
Clayhall Library,Claybury Broadway,Ilford,,Redbridge,,100023051395,E09000026,Clayhall,E05011239,0.04945344826097137,51.59029945323227,542068.9614973095,189927.92132458632,05/16/2021
East Finchley,High Road,,,Barnet,,200061457,E09000003,East Finchley,E05000049,-0.16755398328285714,51.59392340077762,527027.1755489303,189931.66131304204,05/16/2021
Wood Street Library,Forest Road,Walthamstow,,Waltham Forest,,200001418727,E09000031,Wood Street,E05000609,-0.004441088965458554,51.59156124219536,538331.9625146451,189964.92131395807,05/16/2021
Wood Green Central Library and Customer Services,High Road,,,Haringey,,100023178365,E09000014,Noel Park,E05000275,-0.10963910729806377,51.595524986872,531033.9644975793,190211.9212488109,05/16/2021
Fullwell Cross Library,High Street,Ilford,,Redbridge,,10013585783,E09000026,Fairlop,E05011242,0.08528887905285362,51.5932023725643,544541.960824758,190320.92121754307,05/16/2021
Higham Hill Library,North Countess Road,Walthamstow,,Waltham Forest,,100022981657,E09000031,Higham Hill,E05000600,-0.027473731856881616,51.595781427188534,536723.9629505766,190390.92119993613,05/16/2021
Northwood Hills Library,Potter Street,Northwood,,Hillingdon,,100023037608,E09000017,Northwood Hills,E05000336,-0.4082816628084901,51.60279660003646,510331.9701250236,190527.9211628979,05/16/2021
Alexandra Park Library,Alexandra Park Road,,,Haringey,,100023179968,E09000014,Alexandra,E05000266,-0.13679143760399162,51.598836909356756,529143.9650108692,190531.92116270924,05/16/2021
Church End ,Hendon Lane,,,Barnet,,200218220,E09000003,Finchley Church End,E05000051,-0.19727236026608613,51.599824973589506,524952.5561150208,190536.72114771453,05/16/2021
Harefield Library,Park Lane,Harefield,,Hillingdon,,100023564754,E09000017,Harefield,E05000330,-0.48292610938937086,51.604396061932064,505158.97153295967,190595.92114358128,05/16/2021
South Woodford Library and Gym,High Road,,,Redbridge,,10034922615,E09000026,Churchfields,E05011238,0.021970298008569054,51.59713387618441,540144.2620074219,190634.92113291193,05/16/2021
Colindale,The Concourse,,,Barnet,,200222825,E09000003,Colindale,E05000046,-0.24505082123382815,51.601792858158554,521638.42701056803,190675.04111665767,05/16/2021
South Friern ,Colney Hatch Lane,,,Barnet,,200147125,E09000003,Coppetts,E05000047,-0.14851765376893122,51.6004365900837,528327.3452377416,190689.1810689537,05/16/2021
Harold Wood Library,Arundel Road,Romford,,Havering,,100023216526,E09000016,Harold Wood,E05000312,0.23548287264232542,51.59452600712589,554940.2579825252,190775.52106957888,05/16/2021
Burnt Oak ,Watling Avenue,Edgware,,Barnet,,200155264,E09000003,Burnt Oak,E05000044,-0.2632091442870116,51.60326488366086,520377.07737705414,190808.76105195074,05/16/2021
Collier Row Library,Collier Row Road,Romford,,Havering,,100023217675,E09000016,Mawneys,E05000316,0.16086710853236316,51.59847359803534,549759.319392277,191059.02099453227,05/16/2021
Coombes Croft Library,High Road,,,Haringey,,100023165934,E09000014,Northumberland Park,E05000276,-0.06828998353506407,51.603654597659336,533873.9637240175,191190.92098362453,05/16/2021
Northwood Library,Green Lane,Northwood,,Hillingdon,,100023564110,E09000017,Northwood,E05000335,-0.4248318998403248,51.61233586097772,509162.9704437541,191563.9208808549,05/16/2021
Woodford Green Library,Snakes Lane West,Woodford Green,,Redbridge,,200001843478,E09000026,Monkhams,E05011249,0.03235252698025453,51.607592878282624,540830.961832603,191817.92081025842,05/16/2021
Hale End Library,Castle Avenue,Chingford,,Waltham Forest,,100023583807,E09000031,Hatch Lane,E05000598,0.0011703318205988189,51.609207637603156,538666.9624197654,191937.92077974934,05/16/2021
Hainault Library,Manford Way,Chigwell,,Redbridge,,10034923013,E09000026,Hainault,E05011245,0.1041566092527724,51.608042910469216,545801.2604696434,192008.6207126174,05/16/2021
Friern Barnet Community Library ,Friern Barnet Road,,,Barnet,,200044867,E09000003,Coppetts,E05000047,-0.15342527430393624,51.61353766628043,527950.665283752,192137.4907320519,05/16/2021
Fore Street,Fore Street,Edmonton,,Enfield,,207015248,E09000010,Upper Edmonton,E05000212,-0.0652999825619611,51.61216617906342,534055.963674035,192142.92072236486,05/16/2021
Mill Hill ,Hartley Avenue,,,Barnet,,200057669,E09000003,Mill Hill,E05000057,-0.24306338103015304,51.61538873453429,521739.75700235774,192190.3106655561,05/16/2021
Harold Hill Library,Hilldene Avenue,Romford,,Havering,,100023217029,E09000016,Gooshays,E05000310,0.21842949136306924,51.60773918983373,553714.5283395206,192208.78068897827,05/16/2021
Edgware ,Hale Lane,Edgware,,Barnet,,200220766,E09000003,Edgware,E05000050,-0.27399815993104015,51.616275307332714,519595.8376027249,192237.94065433816,05/16/2021
Angel Raynham,Raynham Avenue,Edmonton,,Enfield,,207017246,E09000010,Upper Edmonton,E05000212,-0.06097077676147192,51.61309285401557,534352.9635940455,192253.92069202196,05/16/2021
Bowes Road,Bowes Road,Southgate,,Enfield,,207045509,E09000010,Southgate Green,E05000209,-0.13062328422213948,51.61542867912643,529523.9649076755,192387.92065602553,05/16/2021
Stanmore,Stanmore Hill,Stanmore,,Harrow,,100023038856,E09000015,Stanmore Park,E05000303,-0.311630032331282,51.61843241840572,516984.9683166025,192416.92064822093,05/16/2021
Palmers Green,Green Lanes,Southgate,,Enfield,,207015887,E09000010,Palmers Green,E05000205,-0.11059842356970384,51.61558446405062,530909.8745036832,192440.91063307814,05/16/2021
Millfield House,Silver Street,Edmonton,,Enfield,,207180891,E09000010,Haselbury,E05000201,-0.08132732524021877,51.616395253622635,532933.9639776367,192583.92060183553,05/16/2021
North Finchley ,Ravensdale Avenue,,,Barnet,,200097082,E09000003,Woodhouse,E05000063,-0.17589106304510063,51.61857502898837,526381.2957160017,192658.60057504498,05/16/2021
South Chingford Community Library,Chingford Mount Road,Chingford,,Waltham Forest,,100023000149,E09000031,Valley,E05000607,-0.01777397033181373,51.61659733233112,537332.9627826827,192723.9205645385,05/16/2021
Edmonton Green,South Mall,Edmonton,,Enfield,,207189578,E09000010,Edmonton Green,E05000197,-0.058054023093514144,51.6238986794405,534522.9635479609,193460.9203638457,05/16/2021
Winchmore Hill,Green Lanes,Southgate,,Enfield,,207036897,E09000010,Winchmore Hill,E05000213,-0.09841827970937678,51.628408772417245,531715.964310097,193888.9202490981,05/16/2021
Osidge,Brunswick Park Road,,,Barnet,,200140830,E09000003,Brunswick Park,E05000043,-0.1490403331332565,51.63031909840533,528206.9552548409,194011.36021925852,05/16/2021
Southgate Circus,High Street,Southgate,,Enfield,,207180633,E09000010,Southgate,E05000208,-0.12831702535756526,51.630391187207735,529640.9648730215,194055.92020325462,05/16/2021
North Chingford Library,The Green,Chingford,,Waltham Forest,,100022999962,E09000031,Chingford Green,E05000593,0.0028661606059374534,51.63165101806859,538715.9624057417,194436.9200999117,05/16/2021
Ridge Avenue,Ridge Avenue,Southgate,,Enfield,,207111058,E09000010,Bush Hill Park,E05000194,-0.0819509549247652,51.63618000820498,532832.9640089383,194782.92000459862,05/16/2021
East Barnet ,Brookhill Road,Barnet,,Barnet,,200016111,E09000003,East Barnet,E05000048,-0.16148389027772772,51.644387780678365,527306.3854929997,195554.129755746,05/16/2021
John Jackson,Agricola Place,Enfield,,Enfield,,207040251,E09000010,Southbury,E05000207,-0.06649890775979986,51.645431712761564,533874.9637248865,195839.91971915564,05/16/2021
Ponders End,High Street,Enfield,,Enfield,,207000261,E09000010,Ponders End,E05000206,-0.047544058090449294,51.64522561100319,535186.9633704567,195851.91971481888,05/16/2021
Oakwood,Bramley Road,Southgate,,Enfield,,207148238,E09000010,Cockfosters,E05000196,-0.12914705415454727,51.64883882246553,529530.9649072589,196105.9196467304,05/16/2021
Enfield Town,Church Street,Enfield,,Enfield,,207011262,E09000010,Grange,E05000200,-0.08621060435659958,51.6516897310957,532492.9641002616,196499.91953893803,05/16/2021
Chipping Barnet ,Stapylton Road,Barnet,,Barnet,,200107378,E09000003,High Barnet,E05000056,-0.2047442866988839,51.65615432173563,524281.21633110114,196788.17940987693,05/16/2021
Enfield Highway,Hertford Road,Enfield,,Enfield,,207035798,E09000010,Enfield Highway,E05000198,-0.04746096424021474,51.65892898754715,535151.9633789391,197375.91930263257,05/16/2021
Enfield Island Village,Island Centre Way,Enfield,,Enfield,,207193973,E09000010,Enfield Lock,E05000199,-0.016437158404988293,51.668444150370775,537268.9628018226,198491.91899693036,05/16/2021
Ordnance Unity Centre,Hertford Road,Enfield,,Enfield,,207144176,E09000010,Enfield Lock,E05000199,-0.03931741860593324,51.67207504429106,535675.9632324667,198852.91889920982,05/16/2021
Bullsmoor,Kempe Road,Enfield,,Enfield,,207178047,E09000010,Turkey Street,E05000211,-0.04948600738986635,51.67641691312967,534959.9634279982,199316.91877247358,05/16/2021
West Norwood Library and Picturehouse,1-7 Norwood High St,,,Lambeth,,010000446790,E09000022,Knight's Hill,E05000424,-0.10409118172877142,51.43280264110468,531886.9642649955,172126.9261614668,05/16/2021
